<?xml version="1.0"?>
<doc>
    <assembly>
        <name>MarketData.Api</name>
    </assembly>
    <members>
        <member name="T:MarketData.Api.Common.ApiResult`1">
            <summary>
            Standard response wrapper for consistent API responses (optional usage).
            </summary>
        </member>
        <member name="P:MarketData.Api.Common.ApiResult`1.Success">
            <summary>
            Indicates whether the request succeeded.
            </summary>
        </member>
        <member name="P:MarketData.Api.Common.ApiResult`1.ErrorCode">
            <summary>
            Error code when <see cref="P:MarketData.Api.Common.ApiResult`1.Success"/> is false.
            </summary>
        </member>
        <member name="P:MarketData.Api.Common.ApiResult`1.ErrorMessage">
            <summary>
            Human-readable error message when <see cref="P:MarketData.Api.Common.ApiResult`1.Success"/> is false.
            </summary>
        </member>
        <member name="P:MarketData.Api.Common.ApiResult`1.Data">
            <summary>
            Payload when <see cref="P:MarketData.Api.Common.ApiResult`1.Success"/> is true.
            </summary>
        </member>
        <member name="T:MarketData.Api.Common.Errors.ApiException">
            <summary>
            Exception type for controlled API errors (mapped to HTTP responses by middleware).
            </summary>
        </member>
        <member name="P:MarketData.Api.Common.Errors.ApiException.ErrorCode">
            <summary>
            Machine-readable error code.
            </summary>
        </member>
        <member name="P:MarketData.Api.Common.Errors.ApiException.StatusCode">
            <summary>
            HTTP status code to return.
            </summary>
        </member>
        <member name="P:MarketData.Api.Common.Errors.ApiException.Details">
            <summary>
            Optional extra info (safe for clients).
            </summary>
        </member>
        <member name="T:MarketData.Api.Common.Errors.ErrorCodes">
            <summary>
            Standard error codes returned by the API.
            </summary>
        </member>
        <member name="T:MarketData.Api.Common.Validation.ValidationFilter">
            <summary>
            Converts invalid model state into a consistent ProblemDetails response.
            </summary>
        </member>
        <member name="T:MarketData.Api.Controllers.AuthController">
            <summary>
            Handles authentication requests.
            </summary>
        </member>
        <member name="M:MarketData.Api.Controllers.AuthController.Login(MarketData.Api.Domain.DTOs.LoginRequest)">
            <summary>
            Validates credentials and returns a JWT.
            </summary>
            <param name="request">Login credentials.</param>
            <returns>JWT token and authentication metadata.</returns>
        </member>
        <member name="T:MarketData.Api.Controllers.HealthController">
            <summary>
            Health check endpoints for the API and its dependencies.
            </summary>
        </member>
        <member name="M:MarketData.Api.Controllers.HealthController.Get">
            <summary>
            Returns health information for database and external market provider.
            </summary>
        </member>
        <member name="T:MarketData.Api.Controllers.QuotesController">
            <summary>
            Endpoints for retrieving market quotes by symbol or id.
            </summary>
        </member>
        <member name="M:MarketData.Api.Controllers.QuotesController.GetBySymbol(System.String,System.Boolean)">
            <summary>
            Gets a quote by symbol, optionally forcing a refresh.
            </summary>
        </member>
        <member name="T:MarketData.Api.Domain.DTOs.External.MarketQuoteDto">
            <summary>
            Represents the external market data provider's quote payload.
            </summary>
        </member>
        <member name="P:MarketData.Api.Domain.DTOs.External.MarketQuoteDto.Symbol">
            <summary>
            The requested symbol (e.g. AAPL, BTC-USD).
            </summary>
        </member>
        <member name="P:MarketData.Api.Domain.DTOs.External.MarketQuoteDto.Price">
            <summary>
            Latest price returned by the external provider.
            </summary>
        </member>
        <member name="P:MarketData.Api.Domain.DTOs.External.MarketQuoteDto.Currency">
            <summary>
            Currency of the price (e.g. USD).
            </summary>
        </member>
        <member name="P:MarketData.Api.Domain.DTOs.External.MarketQuoteDto.TimestampUtc">
            <summary>
            Timestamp of the quote in UTC.
            </summary>
        </member>
        <member name="T:MarketData.Api.Domain.DTOs.HealthStatusDto">
            <summary>
            Health check response for core dependencies.
            </summary>
        </member>
        <member name="P:MarketData.Api.Domain.DTOs.HealthStatusDto.Status">
            <summary>
            Overall status (e.g. "ok" / "degraded" / "unhealthy").
            </summary>
        </member>
        <member name="P:MarketData.Api.Domain.DTOs.HealthStatusDto.DatabaseOk">
            <summary>
            True if the database dependency is reachable.
            </summary>
        </member>
        <member name="P:MarketData.Api.Domain.DTOs.HealthStatusDto.ExternalMarketOk">
            <summary>
            True if the external market data dependency is reachable.
            </summary>
        </member>
        <member name="P:MarketData.Api.Domain.DTOs.HealthStatusDto.ExternalMarketMessage">
            <summary>
            Optional message describing external market status/failure.
            </summary>
        </member>
        <member name="T:MarketData.Api.Domain.DTOs.LoginRequest">
            <summary>
            Request payload for authenticating a user and generating a JWT.
            </summary>
        </member>
        <member name="P:MarketData.Api.Domain.DTOs.LoginRequest.Username">
            <summary>
            Username for login.
            </summary>
        </member>
        <member name="P:MarketData.Api.Domain.DTOs.LoginRequest.Password">
            <summary>
            Password for login.
            </summary>
        </member>
        <member name="T:MarketData.Api.Domain.DTOs.LoginResponse">
            <summary>
            Response payload containing the generated JWT and related metadata.
            </summary>
        </member>
        <member name="P:MarketData.Api.Domain.DTOs.LoginResponse.Token">
            <summary>
            The JWT bearer token to use in the Authorization header.
            </summary>
        </member>
        <member name="P:MarketData.Api.Domain.DTOs.LoginResponse.ExpiresAtUtc">
            <summary>
            The UTC timestamp when the token expires (optional).
            </summary>
        </member>
        <member name="P:MarketData.Api.Domain.DTOs.LoginResponse.Username">
            <summary>
            The authenticated username (optional).
            </summary>
        </member>
        <member name="P:MarketData.Api.Domain.DTOs.LoginResponse.Roles">
            <summary>
            Roles associated with the authenticated user (optional).
            </summary>
        </member>
        <member name="T:MarketData.Api.Domain.DTOs.QuoteResponseDto">
            <summary>
            DTO returned to API clients representing a market quote.
            </summary>
        </member>
        <member name="T:MarketData.Api.Domain.Entities.SymbolQuote">
            <summary>
            Represents a cached market data quote for a given symbol.
            </summary>
        </member>
        <member name="T:MarketData.Api.Domain.Options.AuthSettings">
            <summary>
            Authentication settings bound from configuration section "Auth".
            </summary>
        </member>
        <member name="P:MarketData.Api.Domain.Options.AuthSettings.Issuer">
            <summary>
            JWT issuer (iss).
            </summary>
        </member>
        <member name="P:MarketData.Api.Domain.Options.AuthSettings.Audience">
            <summary>
            JWT audience (aud).
            </summary>
        </member>
        <member name="P:MarketData.Api.Domain.Options.AuthSettings.SigningKey">
            <summary>
            Symmetric signing key used to sign JWTs (dev secret in Development).
            </summary>
        </member>
        <member name="P:MarketData.Api.Domain.Options.AuthSettings.DemoUser">
            <summary>
            Demo/in-memory user credentials and roles.
            </summary>
        </member>
        <member name="T:MarketData.Api.Domain.Options.CacheSettings">
            <summary>
            Cache settings for quote freshness/staleness rules.
            </summary>
        </member>
        <member name="P:MarketData.Api.Domain.Options.CacheSettings.StaleAfterSeconds">
            <summary>
            How many seconds until a cached quote is considered stale.
            </summary>
        </member>
        <member name="T:MarketData.Api.Domain.Options.ExternalMarketSettings">
            <summary>
            Configuration for the external market data provider.
            </summary>
        </member>
        <member name="P:MarketData.Api.Domain.Options.ExternalMarketSettings.BaseUrl">
            <summary>
            Base URL of the external market data API (e.g. https://api.example.com/).
            </summary>
        </member>
        <member name="P:MarketData.Api.Domain.Options.ExternalMarketSettings.ApiKey">
            <summary>
            API key used to authenticate with the external provider.
            </summary>
        </member>
        <member name="P:MarketData.Api.Domain.Options.ExternalMarketSettings.TimeoutSeconds">
            <summary>
            Timeout in seconds for outbound HTTP calls to the external provider.
            </summary>
        </member>
        <member name="T:MarketData.Api.Domain.Options.InMemoryUserOptions">
            <summary>
            Configuration for the demo/in-memory user used by the AuthService.
            Bound from configuration (e.g., appsettings.Development.json).
            </summary>
        </member>
        <member name="P:MarketData.Api.Domain.Options.InMemoryUserOptions.Username">
            <summary>
            Demo username.
            </summary>
        </member>
        <member name="P:MarketData.Api.Domain.Options.InMemoryUserOptions.Password">
            <summary>
            Plaintext password (dev only). Use <see cref="P:MarketData.Api.Domain.Options.InMemoryUserOptions.PasswordHash"/> in production.
            </summary>
        </member>
        <member name="P:MarketData.Api.Domain.Options.InMemoryUserOptions.PasswordHash">
            <summary>
            Password hash for the demo user (preferred). If set, AuthService should verify against this.
            </summary>
        </member>
        <member name="P:MarketData.Api.Domain.Options.InMemoryUserOptions.Role">
            <summary>
            Single role for the demo user (simple case).
            </summary>
        </member>
        <member name="P:MarketData.Api.Domain.Options.InMemoryUserOptions.Roles">
            <summary>
            Optional multiple roles for the demo user (future-proofing).
            </summary>
        </member>
        <member name="M:MarketData.Api.Infrastructure.ExternalMarket.IMarketDataClient.PingAsync(System.Threading.CancellationToken)">
            <summary>
            Checks whether the external market API is reachable (network/TLS/host).
            This does not validate payload mapping.
            </summary>
        </member>
        <member name="T:MarketData.Api.Infrastructure.ExternalMarket.MarketDataClient">
            <summary>
            Real HTTP client for fetching market data from an external provider.
            </summary>
        </member>
        <member name="T:MarketData.Api.Middleware.ExceptionHandlingExtensions">
            <summary>
            Middleware registration helpers.
            </summary>
        </member>
        <member name="T:MarketData.Api.Middleware.ExceptionHandlingMiddleware">
            <summary>
            Catches exceptions and returns consistent ProblemDetails JSON responses.
            </summary>
        </member>
        <member name="T:MarketData.Api.Migrations.InitialCreate">
            <inheritdoc />
        </member>
        <member name="M:MarketData.Api.Migrations.InitialCreate.Up(Microsoft.EntityFrameworkCore.Migrations.MigrationBuilder)">
            <inheritdoc />
        </member>
        <member name="M:MarketData.Api.Migrations.InitialCreate.Down(Microsoft.EntityFrameworkCore.Migrations.MigrationBuilder)">
            <inheritdoc />
        </member>
        <member name="M:MarketData.Api.Migrations.InitialCreate.BuildTargetModel(Microsoft.EntityFrameworkCore.ModelBuilder)">
            <inheritdoc />
        </member>
        <member name="T:MarketData.Api.Persistence.DbMigrationExtensions">
            <summary>
            Helpers to apply migrations and seed data at application startup.
            </summary>
        </member>
        <member name="T:MarketData.Api.Persistence.DbSeeder">
            <summary>
            Seeds initial demo data for development and testing.
            </summary>
        </member>
        <member name="T:MarketData.Api.Repositories.IQuoteRepository">
            <summary>
            Repository abstraction for reading and writing symbol quotes.
            </summary>
        </member>
        <member name="M:MarketData.Api.Repositories.IQuoteRepository.GetLatestBySymbolAsync(System.String)">
            <summary>
            Gets the latest cached quote for a symbol, or null if none exists.
            </summary>
        </member>
        <member name="M:MarketData.Api.Repositories.IQuoteRepository.UpsertAsync(MarketData.Api.Domain.Entities.SymbolQuote)">
            <summary>
            Inserts or updates a quote record and returns the stored entity.
            </summary>
        </member>
        <member name="T:MarketData.Api.Repositories.QuoteRepository">
            <summary>
            Repository for reading/writing cached symbol quotes.
            </summary>
        </member>
        <member name="T:MarketData.Api.Services.AuthService">
            <summary>
            Default authentication service that validates credentials and issues JWTs.
            </summary>
        </member>
        <member name="T:MarketData.Api.Services.IAuthService">
            <summary>
            Handles authentication and JWT token creation for API clients.
            </summary>
        </member>
        <member name="M:MarketData.Api.Services.IAuthService.LoginAsync(MarketData.Api.Domain.DTOs.LoginRequest)">
            <summary>
            Validates credentials and returns a signed JWT if valid.
            </summary>
            <param name="request">Login credentials.</param>
            <returns>A JWT token and related authentication metadata.</returns>
        </member>
        <member name="T:MarketData.Api.Services.IHealthService">
            <summary>
            Performs health checks on core dependencies (database, external APIs).
            </summary>
        </member>
        <member name="M:MarketData.Api.Services.IHealthService.GetHealthAsync">
            <summary>
            Runs health checks and returns a consolidated status payload.
            </summary>
        </member>
        <member name="T:MarketData.Api.Services.QuoteService">
            <summary>
            Handles retrieval and caching rules for market data quotes.
            </summary>
        </member>
    </members>
</doc>
